{"cameraMode":{"drawMode":0,"name":"Shaded","section":"Shading Mode"},"sceneLighting":true,"audioPlay":false,"sceneViewState":{"m_AlwaysRefresh":false,"showFog":true,"showSkybox":true,"showFlares":true,"showImageEffects":true,"showParticleSystems":true,"showVisualEffectGraphs":true,"m_FxEnabled":true},"in2DMode":false,"pivot":{"x":0.43604958057403567,"y":0.13534551858901978,"z":-0.5682985186576843},"rotation":{"x":-0.0702148824930191,"y":0.9145312309265137,"z":-0.18092308938503266,"w":-0.35492241382598879},"size":8.317895889282227,"orthographic":false}